kind,identifier,name,source,license,url,description,chromosome
Anatomy,UBERON:0001533,subclavian artery,Uberon,CC BY 3.0,http://purl.obolibrary.org/obo/UBERON_0001533,,
Anatomy,UBERON:0000020,sense organ,Uberon,CC BY 3.0,http://purl.obolibrary.org/obo/UBERON_0000020,,
Anatomy,UBERON:0001690,ear,Uberon,CC BY 3.0,http://purl.obolibrary.org/obo/UBERON_0001690,,
Anatomy,UBERON:0002371,bone marrow,Uberon,CC BY 3.0,http://purl.obolibrary.org/obo/UBERON_0002371,,
Anatomy,UBERON:0001890,forebrain,Uberon,CC BY 3.0,http://purl.obolibrary.org/obo/UBERON_0001890,,
Anatomy,UBERON:0001587,subclavian vein,Uberon,CC BY 3.0,http://purl.obolibrary.org/obo/UBERON_0001587,,
Anatomy,UBERON:0002606,neuropil,Uberon,CC BY 3.0,http://purl.obolibrary.org/obo/UBERON_0002606,,
Anatomy,UBERON:0001980,arteriole,Uberon,CC BY 3.0,http://purl.obolibrary.org/obo/UBERON_0001980,,
Anatomy,UBERON:0001437,epiphysis,Uberon,CC BY 3.0,http://purl.obolibrary.org/obo/UBERON_0001437,,
Anatomy,UBERON:0001736,submandibular gland,Uberon,CC BY 3.0,http://purl.obolibrary.org/obo/UBERON_0001736,,
Anatomy,UBERON:0001494,ulnar nerve,Uberon,CC BY 3.0,http://purl.obolibrary.org/obo/UBERON_0001494,,
Anatomy,UBERON:0001908,optic tract,Uberon,CC BY 3.0,http://purl.obolibrary.org/obo/UBERON_0001908,,
Anatomy,UBERON:0001007,digestive system,Uberon,CC BY 3.0,http://purl.obolibrary.org/obo/UBERON_0001007,,
Anatomy,UBERON:0001837,duct of salivary gland,Uberon,CC BY 3.0,http://purl.obolibrary.org/obo/UBERON_0001837,,
Anatomy,UBERON:0001866,sebum,Uberon,CC BY 3.0,http://purl.obolibrary.org/obo/UBERON_0001866,,
Anatomy,UBERON:0000991,gonad,Uberon,CC BY 3.0,http://purl.obolibrary.org/obo/UBERON_0000991,,
Anatomy,UBERON:0001111,intercostal muscle,Uberon,CC BY 3.0,http://purl.obolibrary.org/obo/UBERON_0001111,,
Anatomy,UBERON:0002450,decidua,Uberon,CC BY 3.0,http://purl.obolibrary.org/obo/UBERON_0002450,,
Anatomy,UBERON:0001760,frontal sinus,Uberon,CC BY 3.0,http://purl.obolibrary.org/obo/UBERON_0001760,,
Anatomy,UBERON:0001352,external acoustic meatus,Uberon,CC BY 3.0,http://purl.obolibrary.org/obo/UBERON_0001352,,
Anatomy,UBERON:0002390,hematopoietic system,Uberon,CC BY 3.0,http://purl.obolibrary.org/obo/UBERON_0002390,,
Anatomy,UBERON:0002398,manus,Uberon,CC BY 3.0,http://purl.obolibrary.org/obo/UBERON_0002398,,
Anatomy,UBERON:0000946,cardial valve,Uberon,CC BY 3.0,http://purl.obolibrary.org/obo/UBERON_0000946,,
Anatomy,UBERON:0001705,nail,Uberon,CC BY 3.0,http://purl.obolibrary.org/obo/UBERON_0001705,,
Anatomy,UBERON:0000002,uterine cervix,Uberon,CC BY 3.0,http://purl.obolibrary.org/obo/UBERON_0000002,,
Anatomy,UBERON:0000974,neck,Uberon,CC BY 3.0,http://purl.obolibrary.org/obo/UBERON_0000974,,
Anatomy,UBERON:0001627,middle cerebral artery,Uberon,CC BY 3.0,http://purl.obolibrary.org/obo/UBERON_0001627,,
Anatomy,UBERON:0002110,gall bladder,Uberon,CC BY 3.0,http://purl.obolibrary.org/obo/UBERON_0002110,,
Anatomy,UBERON:0001647,facial nerve,Uberon,CC BY 3.0,http://purl.obolibrary.org/obo/UBERON_0001647,,
Anatomy,UBERON:0001737,larynx,Uberon,CC BY 3.0,http://purl.obolibrary.org/obo/UBERON_0001737,,
Anatomy,UBERON:0000966,retina,Uberon,CC BY 3.0,http://purl.obolibrary.org/obo/UBERON_0000966,,
Anatomy,UBERON:0000989,penis,Uberon,CC BY 3.0,http://purl.obolibrary.org/obo/UBERON_0000989,,
Anatomy,UBERON:0000474,female reproductive system,Uberon,CC BY 3.0,http://purl.obolibrary.org/obo/UBERON_0000474,,
Anatomy,UBERON:0001981,blood vessel,Uberon,CC BY 3.0,http://purl.obolibrary.org/obo/UBERON_0001981,,
Anatomy,UBERON:0001887,internal capsule of telencephalon,Uberon,CC BY 3.0,http://purl.obolibrary.org/obo/UBERON_0001887,,
Anatomy,UBERON:0000964,cornea,Uberon,CC BY 3.0,http://purl.obolibrary.org/obo/UBERON_0000964,,
Anatomy,UBERON:0001989,superior cervical ganglion,Uberon,CC BY 3.0,http://purl.obolibrary.org/obo/UBERON_0001989,,
Anatomy,UBERON:0002422,fourth ventricle,Uberon,CC BY 3.0,http://purl.obolibrary.org/obo/UBERON_0002422,,
Anatomy,UBERON:0002048,lung,Uberon,CC BY 3.0,http://purl.obolibrary.org/obo/UBERON_0002048,,
Anatomy,UBERON:0000004,nose,Uberon,CC BY 3.0,http://purl.obolibrary.org/obo/UBERON_0000004,,
Anatomy,UBERON:0001323,tibial nerve,Uberon,CC BY 3.0,http://purl.obolibrary.org/obo/UBERON_0001323,,
Anatomy,UBERON:0001237,paraaortic body,Uberon,CC BY 3.0,http://purl.obolibrary.org/obo/UBERON_0001237,,
Anatomy,UBERON:0002303,juxtaglomerular apparatus,Uberon,CC BY 3.0,http://purl.obolibrary.org/obo/UBERON_0002303,,
Anatomy,UBERON:0002523,tunica intima,Uberon,CC BY 3.0,http://purl.obolibrary.org/obo/UBERON_0002523,,
Anatomy,UBERON:0001228,renal papilla,Uberon,CC BY 3.0,http://purl.obolibrary.org/obo/UBERON_0001228,,
Anatomy,UBERON:0002515,periosteum,Uberon,CC BY 3.0,http://purl.obolibrary.org/obo/UBERON_0002515,,
Anatomy,UBERON:0001884,phrenic nerve,Uberon,CC BY 3.0,http://purl.obolibrary.org/obo/UBERON_0001884,,
Anatomy,UBERON:0002185,bronchus,Uberon,CC BY 3.0,http://purl.obolibrary.org/obo/UBERON_0002185,,
Anatomy,UBERON:0002250,popliteal artery,Uberon,CC BY 3.0,http://purl.obolibrary.org/obo/UBERON_0002250,,
Anatomy,UBERON:0002060,femoral artery,Uberon,CC BY 3.0,http://purl.obolibrary.org/obo/UBERON_0002060,,
Anatomy,UBERON:0002397,maxilla,Uberon,CC BY 3.0,http://purl.obolibrary.org/obo/UBERON_0002397,,
Anatomy,UBERON:0001300,scrotum,Uberon,CC BY 3.0,http://purl.obolibrary.org/obo/UBERON_0001300,,
Anatomy,UBERON:0001460,arm,Uberon,CC BY 3.0,http://purl.obolibrary.org/obo/UBERON_0001460,,
Anatomy,UBERON:0002018,synovial membrane of synovial joint,Uberon,CC BY 3.0,http://purl.obolibrary.org/obo/UBERON_0002018,,
Anatomy,UBERON:0002439,myenteric nerve plexus,Uberon,CC BY 3.0,http://purl.obolibrary.org/obo/UBERON_0002439,,
Anatomy,UBERON:0000992,female gonad,Uberon,CC BY 3.0,http://purl.obolibrary.org/obo/UBERON_0000992,,
Anatomy,UBERON:0000473,testis,Uberon,CC BY 3.0,http://purl.obolibrary.org/obo/UBERON_0000473,,
Anatomy,UBERON:0001716,secondary palate,Uberon,CC BY 3.0,http://purl.obolibrary.org/obo/UBERON_0001716,,
Anatomy,UBERON:0002294,biliary system,Uberon,CC BY 3.0,http://purl.obolibrary.org/obo/UBERON_0002294,,
Anatomy,UBERON:0002129,cerebellar cortex,Uberon,CC BY 3.0,http://purl.obolibrary.org/obo/UBERON_0002129,,
Anatomy,UBERON:0001011,hemolymph,Uberon,CC BY 3.0,http://purl.obolibrary.org/obo/UBERON_0001011,,
Anatomy,UBERON:0002360,meninx,Uberon,CC BY 3.0,http://purl.obolibrary.org/obo/UBERON_0002360,,
Anatomy,UBERON:0001105,clavicle bone,Uberon,CC BY 3.0,http://purl.obolibrary.org/obo/UBERON_0001105,,
Anatomy,UBERON:0001620,central retinal artery,Uberon,CC BY 3.0,http://purl.obolibrary.org/obo/UBERON_0001620,,
Anatomy,UBERON:0001702,eyelash,Uberon,CC BY 3.0,http://purl.obolibrary.org/obo/UBERON_0001702,,
Anatomy,UBERON:0002521,elastic tissue,Uberon,CC BY 3.0,http://purl.obolibrary.org/obo/UBERON_0002521,,
Anatomy,UBERON:0003129,skull,Uberon,CC BY 3.0,http://purl.obolibrary.org/obo/UBERON_0003129,,
Anatomy,UBERON:0002282,stria vascularis of cochlear duct,Uberon,CC BY 3.0,http://purl.obolibrary.org/obo/UBERON_0002282,,
Anatomy,UBERON:0001649,glossopharyngeal nerve,Uberon,CC BY 3.0,http://purl.obolibrary.org/obo/UBERON_0001649,,
Anatomy,UBERON:0002516,epiphyseal plate,Uberon,CC BY 3.0,http://purl.obolibrary.org/obo/UBERON_0002516,,
Anatomy,UBERON:0002441,cervicothoracic ganglion,Uberon,CC BY 3.0,http://purl.obolibrary.org/obo/UBERON_0002441,,
Anatomy,UBERON:0000982,skeletal joint,Uberon,CC BY 3.0,http://purl.obolibrary.org/obo/UBERON_0000982,,
Anatomy,UBERON:0001815,lumbosacral nerve plexus,Uberon,CC BY 3.0,http://purl.obolibrary.org/obo/UBERON_0001815,,
Anatomy,UBERON:0002394,bile duct,Uberon,CC BY 3.0,http://purl.obolibrary.org/obo/UBERON_0002394,,
Anatomy,UBERON:0001003,skin epidermis,Uberon,CC BY 3.0,http://purl.obolibrary.org/obo/UBERON_0001003,,
Anatomy,UBERON:0002286,third ventricle,Uberon,CC BY 3.0,http://purl.obolibrary.org/obo/UBERON_0002286,,
Anatomy,UBERON:0001685,hyoid bone,Uberon,CC BY 3.0,http://purl.obolibrary.org/obo/UBERON_0001685,,
Anatomy,UBERON:0002066,umbilical vein,Uberon,CC BY 3.0,http://purl.obolibrary.org/obo/UBERON_0002066,,
Anatomy,UBERON:0000988,pons,Uberon,CC BY 3.0,http://purl.obolibrary.org/obo/UBERON_0000988,,
Anatomy,UBERON:0004727,cochlear nerve,Uberon,CC BY 3.0,http://purl.obolibrary.org/obo/UBERON_0004727,,
Anatomy,UBERON:0002082,cardiac ventricle,Uberon,CC BY 3.0,http://purl.obolibrary.org/obo/UBERON_0002082,,
Anatomy,UBERON:0002367,prostate gland,Uberon,CC BY 3.0,http://purl.obolibrary.org/obo/UBERON_0002367,,
Anatomy,UBERON:0001486,hip joint,Uberon,CC BY 3.0,http://purl.obolibrary.org/obo/UBERON_0001486,,
Anatomy,UBERON:0002148,locus ceruleus,Uberon,CC BY 3.0,http://purl.obolibrary.org/obo/UBERON_0002148,,
Anatomy,UBERON:0001267,femoral nerve,Uberon,CC BY 3.0,http://purl.obolibrary.org/obo/UBERON_0001267,,
Anatomy,UBERON:0001529,brachiocephalic artery,Uberon,CC BY 3.0,http://purl.obolibrary.org/obo/UBERON_0001529,,
Anatomy,UBERON:0000211,ligament,Uberon,CC BY 3.0,http://purl.obolibrary.org/obo/UBERON_0000211,,
Anatomy,UBERON:0002466,intestine secretion,Uberon,CC BY 3.0,http://purl.obolibrary.org/obo/UBERON_0002466,,
Anatomy,UBERON:0002944,spinothalamic tract of medulla,Uberon,CC BY 3.0,http://purl.obolibrary.org/obo/UBERON_0002944,,
Anatomy,UBERON:0000033,head,Uberon,CC BY 3.0,http://purl.obolibrary.org/obo/UBERON_0000033,,
Anatomy,UBERON:0000165,mouth,Uberon,CC BY 3.0,http://purl.obolibrary.org/obo/UBERON_0000165,,
Anatomy,UBERON:0002019,accessory XI nerve,Uberon,CC BY 3.0,http://purl.obolibrary.org/obo/UBERON_0002019,,
Anatomy,UBERON:0001485,knee joint,Uberon,CC BY 3.0,http://purl.obolibrary.org/obo/UBERON_0001485,,
Anatomy,UBERON:0002102,forelimb,Uberon,CC BY 3.0,http://purl.obolibrary.org/obo/UBERON_0002102,,
Anatomy,UBERON:0002349,myocardium,Uberon,CC BY 3.0,http://purl.obolibrary.org/obo/UBERON_0002349,,
Anatomy,UBERON:0001594,azygos vein,Uberon,CC BY 3.0,http://purl.obolibrary.org/obo/UBERON_0001594,,
Anatomy,UBERON:0001821,sebaceous gland,Uberon,CC BY 3.0,http://purl.obolibrary.org/obo/UBERON_0001821,,
Anatomy,UBERON:0002494,papillary muscle of heart,Uberon,CC BY 3.0,http://purl.obolibrary.org/obo/UBERON_0002494,,
Anatomy,UBERON:0002046,thyroid gland,Uberon,CC BY 3.0,http://purl.obolibrary.org/obo/UBERON_0002046,,
Anatomy,UBERON:0001456,face,Uberon,CC BY 3.0,http://purl.obolibrary.org/obo/UBERON_0001456,,
Anatomy,UBERON:0002055,zona reticularis of adrenal gland,Uberon,CC BY 3.0,http://purl.obolibrary.org/obo/UBERON_0002055,,
Anatomy,UBERON:0000029,lymph node,Uberon,CC BY 3.0,http://purl.obolibrary.org/obo/UBERON_0000029,,
Anatomy,UBERON:0002016,pulmonary vein,Uberon,CC BY 3.0,http://purl.obolibrary.org/obo/UBERON_0002016,,
Anatomy,UBERON:0002517,basicranium,Uberon,CC BY 3.0,http://purl.obolibrary.org/obo/UBERON_0002517,,
Anatomy,UBERON:0001348,brown adipose tissue,Uberon,CC BY 3.0,http://purl.obolibrary.org/obo/UBERON_0001348,,
Anatomy,UBERON:0002356,perineum,Uberon,CC BY 3.0,http://purl.obolibrary.org/obo/UBERON_0002356,,
Anatomy,UBERON:0002502,round window of inner ear,Uberon,CC BY 3.0,http://purl.obolibrary.org/obo/UBERON_0002502,,
Anatomy,UBERON:0002386,forelimb zeugopod,Uberon,CC BY 3.0,http://purl.obolibrary.org/obo/UBERON_0002386,,
Anatomy,UBERON:0002925,trigeminal nucleus,Uberon,CC BY 3.0,http://purl.obolibrary.org/obo/UBERON_0002925,,
Anatomy,UBERON:0001175,common hepatic duct,Uberon,CC BY 3.0,http://purl.obolibrary.org/obo/UBERON_0001175,,
Anatomy,UBERON:0002162,area postrema,Uberon,CC BY 3.0,http://purl.obolibrary.org/obo/UBERON_0002162,,
Anatomy,UBERON:0001733,soft palate,Uberon,CC BY 3.0,http://purl.obolibrary.org/obo/UBERON_0001733,,
Anatomy,UBERON:0001673,central retinal vein,Uberon,CC BY 3.0,http://purl.obolibrary.org/obo/UBERON_0001673,,
Anatomy,UBERON:0001846,internal ear,Uberon,CC BY 3.0,http://purl.obolibrary.org/obo/UBERON_0001846,,
Anatomy,UBERON:0001183,inferior mesenteric artery,Uberon,CC BY 3.0,http://purl.obolibrary.org/obo/UBERON_0001183,,
Anatomy,UBERON:0002099,cardiac septum,Uberon,CC BY 3.0,http://purl.obolibrary.org/obo/UBERON_0002099,,
Anatomy,UBERON:0001644,trochlear nerve,Uberon,CC BY 3.0,http://purl.obolibrary.org/obo/UBERON_0001644,,
Anatomy,UBERON:0001700,geniculate ganglion,Uberon,CC BY 3.0,http://purl.obolibrary.org/obo/UBERON_0001700,,
Anatomy,UBERON:0001140,renal vein,Uberon,CC BY 3.0,http://purl.obolibrary.org/obo/UBERON_0001140,,
Anatomy,UBERON:0001768,uvea,Uberon,CC BY 3.0,http://purl.obolibrary.org/obo/UBERON_0001768,,
Anatomy,UBERON:0001295,endometrium,Uberon,CC BY 3.0,http://purl.obolibrary.org/obo/UBERON_0001295,,
Anatomy,UBERON:0002107,liver,Uberon,CC BY 3.0,http://purl.obolibrary.org/obo/UBERON_0002107,,
Anatomy,UBERON:0001772,corneal epithelium,Uberon,CC BY 3.0,http://purl.obolibrary.org/obo/UBERON_0001772,,
Anatomy,UBERON:0001283,bile canaliculus,Uberon,CC BY 3.0,http://purl.obolibrary.org/obo/UBERON_0001283,,
Anatomy,UBERON:0002405,immune system,Uberon,CC BY 3.0,http://purl.obolibrary.org/obo/UBERON_0002405,,
Anatomy,UBERON:0000056,ureter,Uberon,CC BY 3.0,http://purl.obolibrary.org/obo/UBERON_0000056,,
Anatomy,UBERON:0002137,aortic valve,Uberon,CC BY 3.0,http://purl.obolibrary.org/obo/UBERON_0002137,,
Anatomy,UBERON:0001844,cochlea,Uberon,CC BY 3.0,http://purl.obolibrary.org/obo/UBERON_0001844,,
Anatomy,UBERON:0001184,renal artery,Uberon,CC BY 3.0,http://purl.obolibrary.org/obo/UBERON_0001184,,
Anatomy,UBERON:0002673,vestibular nuclear complex,Uberon,CC BY 3.0,http://purl.obolibrary.org/obo/UBERON_0002673,,
Anatomy,UBERON:0001969,blood plasma,Uberon,CC BY 3.0,http://purl.obolibrary.org/obo/UBERON_0001969,,
Anatomy,UBERON:0001585,anterior vena cava,Uberon,CC BY 3.0,http://purl.obolibrary.org/obo/UBERON_0001585,,
Anatomy,UBERON:0002392,nasolacrimal duct,Uberon,CC BY 3.0,http://purl.obolibrary.org/obo/UBERON_0002392,,
Anatomy,UBERON:0001064,ventral pancreatic duct,Uberon,CC BY 3.0,http://purl.obolibrary.org/obo/UBERON_0001064,,
Anatomy,UBERON:0002413,cervical vertebra,Uberon,CC BY 3.0,http://purl.obolibrary.org/obo/UBERON_0002413,,
Anatomy,UBERON:0002501,oval window,Uberon,CC BY 3.0,http://purl.obolibrary.org/obo/UBERON_0002501,,
Anatomy,UBERON:0001707,nasal cavity,Uberon,CC BY 3.0,http://purl.obolibrary.org/obo/UBERON_0001707,,
Anatomy,UBERON:0000995,uterus,Uberon,CC BY 3.0,http://purl.obolibrary.org/obo/UBERON_0000995,,
Anatomy,UBERON:0002134,tricuspid valve,Uberon,CC BY 3.0,http://purl.obolibrary.org/obo/UBERON_0002134,,
Anatomy,UBERON:0004769,diaphysis,Uberon,CC BY 3.0,http://purl.obolibrary.org/obo/UBERON_0004769,,
Anatomy,UBERON:0002299,alveolus of lung,Uberon,CC BY 3.0,http://purl.obolibrary.org/obo/UBERON_0002299,,
Anatomy,UBERON:0001773,sclera,Uberon,CC BY 3.0,http://purl.obolibrary.org/obo/UBERON_0001773,,
Anatomy,UBERON:0001677,sphenoid bone,Uberon,CC BY 3.0,http://purl.obolibrary.org/obo/UBERON_0001677,,
Anatomy,UBERON:0002354,purkinje fiber,Uberon,CC BY 3.0,http://purl.obolibrary.org/obo/UBERON_0002354,,
Anatomy,UBERON:0001598,temporalis muscle,Uberon,CC BY 3.0,http://purl.obolibrary.org/obo/UBERON_0001598,,
Anatomy,UBERON:0001771,pupil,Uberon,CC BY 3.0,http://purl.obolibrary.org/obo/UBERON_0001771,,
Anatomy,UBERON:0002103,hindlimb,Uberon,CC BY 3.0,http://purl.obolibrary.org/obo/UBERON_0002103,,
Anatomy,UBERON:0001296,myometrium,Uberon,CC BY 3.0,http://purl.obolibrary.org/obo/UBERON_0001296,,
Anatomy,UBERON:0001530,common carotid artery plus branches,Uberon,CC BY 3.0,http://purl.obolibrary.org/obo/UBERON_0001530,,
Anatomy,UBERON:0002226,basilar membrane of cochlea,Uberon,CC BY 3.0,http://purl.obolibrary.org/obo/UBERON_0002226,,
Anatomy,UBERON:0001532,internal carotid artery,Uberon,CC BY 3.0,http://purl.obolibrary.org/obo/UBERON_0001532,,
Anatomy,UBERON:0001132,parathyroid gland,Uberon,CC BY 3.0,http://purl.obolibrary.org/obo/UBERON_0001132,,
Anatomy,UBERON:0001365,sacro-iliac joint,Uberon,CC BY 3.0,http://purl.obolibrary.org/obo/UBERON_0001365,,
Anatomy,UBERON:0002387,pes,Uberon,CC BY 3.0,http://purl.obolibrary.org/obo/UBERON_0002387,,
Anatomy,UBERON:0002410,autonomic nervous system,Uberon,CC BY 3.0,http://purl.obolibrary.org/obo/UBERON_0002410,,
Anatomy,UBERON:0001624,anterior cerebral artery,Uberon,CC BY 3.0,http://purl.obolibrary.org/obo/UBERON_0001624,,
Anatomy,UBERON:0001000,vas deferens,Uberon,CC BY 3.0,http://purl.obolibrary.org/obo/UBERON_0001000,,
Anatomy,UBERON:0001037,strand of hair,Uberon,CC BY 3.0,http://purl.obolibrary.org/obo/UBERON_0001037,,
Anatomy,UBERON:0001896,medulla oblongata,Uberon,CC BY 3.0,http://purl.obolibrary.org/obo/UBERON_0001896,,
Anatomy,UBERON:0001679,ethmoid bone,Uberon,CC BY 3.0,http://purl.obolibrary.org/obo/UBERON_0001679,,
Anatomy,UBERON:0001968,semen,Uberon,CC BY 3.0,http://purl.obolibrary.org/obo/UBERON_0001968,,
Anatomy,UBERON:0001322,sciatic nerve,Uberon,CC BY 3.0,http://purl.obolibrary.org/obo/UBERON_0001322,,
Anatomy,UBERON:0001750,lacrimal apparatus,Uberon,CC BY 3.0,http://purl.obolibrary.org/obo/UBERON_0001750,,
Anatomy,UBERON:0001832,sublingual gland,Uberon,CC BY 3.0,http://purl.obolibrary.org/obo/UBERON_0001832,,
Anatomy,UBERON:0001288,loop of Henle,Uberon,CC BY 3.0,http://purl.obolibrary.org/obo/UBERON_0001288,,
Anatomy,UBERON:0004535,cardiovascular system,Uberon,CC BY 3.0,http://purl.obolibrary.org/obo/UBERON_0004535,,
Anatomy,UBERON:0002368,endocrine gland,Uberon,CC BY 3.0,http://purl.obolibrary.org/obo/UBERON_0002368,,
Anatomy,UBERON:0001492,radial nerve,Uberon,CC BY 3.0,http://purl.obolibrary.org/obo/UBERON_0001492,,
Anatomy,UBERON:0000013,sympathetic nervous system,Uberon,CC BY 3.0,http://purl.obolibrary.org/obo/UBERON_0000013,,
Anatomy,UBERON:0000978,leg,Uberon,CC BY 3.0,http://purl.obolibrary.org/obo/UBERON_0000978,,
Anatomy,UBERON:0001600,tensor tympani,Uberon,CC BY 3.0,http://purl.obolibrary.org/obo/UBERON_0001600,,
Anatomy,UBERON:0002353,atrioventricular bundle,Uberon,CC BY 3.0,http://purl.obolibrary.org/obo/UBERON_0002353,,
Anatomy,UBERON:0001825,paranasal sinus,Uberon,CC BY 3.0,http://purl.obolibrary.org/obo/UBERON_0001825,,
Anatomy,UBERON:0002205,manubrium of sternum,Uberon,CC BY 3.0,http://purl.obolibrary.org/obo/UBERON_0002205,,
Anatomy,UBERON:0001636,posterior cerebral artery,Uberon,CC BY 3.0,http://purl.obolibrary.org/obo/UBERON_0001636,,
Anatomy,UBERON:0002275,reticular formation,Uberon,CC BY 3.0,http://purl.obolibrary.org/obo/UBERON_0002275,,
Anatomy,UBERON:0000042,serous membrane,Uberon,CC BY 3.0,http://purl.obolibrary.org/obo/UBERON_0000042,,
Anatomy,UBERON:0001535,vertebral artery,Uberon,CC BY 3.0,http://purl.obolibrary.org/obo/UBERON_0001535,,
Anatomy,UBERON:0001016,nervous system,Uberon,CC BY 3.0,http://purl.obolibrary.org/obo/UBERON_0001016,,
Anatomy,UBERON:0002366,bulbo-urethral gland,Uberon,CC BY 3.0,http://purl.obolibrary.org/obo/UBERON_0002366,,
Anatomy,UBERON:0002053,zona glomerulosa of adrenal gland,Uberon,CC BY 3.0,http://purl.obolibrary.org/obo/UBERON_0002053,,
Anatomy,UBERON:0002418,cartilage tissue,Uberon,CC BY 3.0,http://purl.obolibrary.org/obo/UBERON_0002418,,
Anatomy,UBERON:0002028,hindbrain,Uberon,CC BY 3.0,http://purl.obolibrary.org/obo/UBERON_0002028,,
Anatomy,UBERON:0001711,eyelid,Uberon,CC BY 3.0,http://purl.obolibrary.org/obo/UBERON_0001711,,
Anatomy,UBERON:0002040,bronchial artery,Uberon,CC BY 3.0,http://purl.obolibrary.org/obo/UBERON_0002040,,
Anatomy,UBERON:0001864,scala tympani,Uberon,CC BY 3.0,http://purl.obolibrary.org/obo/UBERON_0001864,,
Anatomy,UBERON:0002228,rib,Uberon,CC BY 3.0,http://purl.obolibrary.org/obo/UBERON_0002228,,
Anatomy,UBERON:0002113,kidney,Uberon,CC BY 3.0,http://purl.obolibrary.org/obo/UBERON_0002113,,
Anatomy,UBERON:0001072,posterior vena cava,Uberon,CC BY 3.0,http://purl.obolibrary.org/obo/UBERON_0001072,,
Anatomy,UBERON:0000996,vagina,Uberon,CC BY 3.0,http://purl.obolibrary.org/obo/UBERON_0000996,,
Anatomy,UBERON:0001895,metencephalon,Uberon,CC BY 3.0,http://purl.obolibrary.org/obo/UBERON_0001895,,
Anatomy,UBERON:0002067,dermis,Uberon,CC BY 3.0,http://purl.obolibrary.org/obo/UBERON_0002067,,
Anatomy,UBERON:0002497,acromion,Uberon,CC BY 3.0,http://purl.obolibrary.org/obo/UBERON_0002497,,
Anatomy,UBERON:0002297,cerumen,Uberon,CC BY 3.0,http://purl.obolibrary.org/obo/UBERON_0002297,,
Anatomy,UBERON:0001031,sheath of Schwann,Uberon,CC BY 3.0,http://purl.obolibrary.org/obo/UBERON_0001031,,
Anatomy,UBERON:0002030,nipple,Uberon,CC BY 3.0,http://purl.obolibrary.org/obo/UBERON_0002030,,
Anatomy,UBERON:0001827,secretion of lacrimal gland,Uberon,CC BY 3.0,http://purl.obolibrary.org/obo/UBERON_0001827,,
Anatomy,UBERON:0001090,synovial fluid,Uberon,CC BY 3.0,http://purl.obolibrary.org/obo/UBERON_0001090,,
Anatomy,UBERON:0001762,turbinate bone,Uberon,CC BY 3.0,http://purl.obolibrary.org/obo/UBERON_0001762,,
Anatomy,UBERON:0003889,fallopian tube,Uberon,CC BY 3.0,http://purl.obolibrary.org/obo/UBERON_0003889,,
Anatomy,UBERON:0001067,vertebral arch joint,Uberon,CC BY 3.0,http://purl.obolibrary.org/obo/UBERON_0001067,,
Anatomy,UBERON:0001769,iris,Uberon,CC BY 3.0,http://purl.obolibrary.org/obo/UBERON_0001769,,
Anatomy,UBERON:0001488,ankle joint,Uberon,CC BY 3.0,http://purl.obolibrary.org/obo/UBERON_0001488,,
Anatomy,UBERON:0001785,cranial nerve,Uberon,CC BY 3.0,http://purl.obolibrary.org/obo/UBERON_0001785,,
Anatomy,UBERON:0001905,pineal body,Uberon,CC BY 3.0,http://purl.obolibrary.org/obo/UBERON_0001905,,
Anatomy,UBERON:0002741,diagonal band of Broca,Uberon,CC BY 3.0,http://purl.obolibrary.org/obo/UBERON_0002741,,
Anatomy,UBERON:0001017,central nervous system,Uberon,CC BY 3.0,http://purl.obolibrary.org/obo/UBERON_0001017,,
Anatomy,UBERON:0001681,nasal bone,Uberon,CC BY 3.0,http://purl.obolibrary.org/obo/UBERON_0001681,,
Anatomy,UBERON:0001891,midbrain,Uberon,CC BY 3.0,http://purl.obolibrary.org/obo/UBERON_0001891,,
Anatomy,UBERON:0002223,endolymphatic sac,Uberon,CC BY 3.0,http://purl.obolibrary.org/obo/UBERON_0002223,,
Anatomy,UBERON:0001840,semicircular canal,Uberon,CC BY 3.0,http://purl.obolibrary.org/obo/UBERON_0001840,,
Anatomy,UBERON:0001638,vein,Uberon,CC BY 3.0,http://purl.obolibrary.org/obo/UBERON_0001638,,
Anatomy,UBERON:0001970,bile,Uberon,CC BY 3.0,http://purl.obolibrary.org/obo/UBERON_0001970,,
Anatomy,UBERON:0000045,ganglion,Uberon,CC BY 3.0,http://purl.obolibrary.org/obo/UBERON_0000045,,
Anatomy,UBERON:0002518,otolith organ,Uberon,CC BY 3.0,http://purl.obolibrary.org/obo/UBERON_0002518,,
Anatomy,UBERON:0000949,endocrine system,Uberon,CC BY 3.0,http://purl.obolibrary.org/obo/UBERON_0000949,,
Anatomy,UBERON:0002298,brainstem,Uberon,CC BY 3.0,http://purl.obolibrary.org/obo/UBERON_0002298,,
Anatomy,UBERON:0001640,celiac artery,Uberon,CC BY 3.0,http://purl.obolibrary.org/obo/UBERON_0001640,,
Anatomy,UBERON:0001691,external ear,Uberon,CC BY 3.0,http://purl.obolibrary.org/obo/UBERON_0001691,,
Anatomy,UBERON:0000955,brain,Uberon,CC BY 3.0,http://purl.obolibrary.org/obo/UBERON_0000955,,
Anatomy,UBERON:0002010,celiac nerve plexus,Uberon,CC BY 3.0,http://purl.obolibrary.org/obo/UBERON_0002010,,
Anatomy,UBERON:0001616,maxillary artery,Uberon,CC BY 3.0,http://purl.obolibrary.org/obo/UBERON_0001616,,
Anatomy,UBERON:0001688,incus bone,Uberon,CC BY 3.0,http://purl.obolibrary.org/obo/UBERON_0001688,,
Anatomy,UBERON:0001193,hepatic artery,Uberon,CC BY 3.0,http://purl.obolibrary.org/obo/UBERON_0001193,,
Anatomy,UBERON:0000970,eye,Uberon,CC BY 3.0,http://purl.obolibrary.org/obo/UBERON_0000970,,
Anatomy,UBERON:0001567,cheek,Uberon,CC BY 3.0,http://purl.obolibrary.org/obo/UBERON_0001567,,
Anatomy,UBERON:0001463,manual digit 1,Uberon,CC BY 3.0,http://purl.obolibrary.org/obo/UBERON_0001463,,
Anatomy,UBERON:0002414,lumbar vertebra,Uberon,CC BY 3.0,http://purl.obolibrary.org/obo/UBERON_0002414,,
Anatomy,UBERON:0001490,elbow joint,Uberon,CC BY 3.0,http://purl.obolibrary.org/obo/UBERON_0001490,,
Anatomy,UBERON:0001675,trigeminal ganglion,Uberon,CC BY 3.0,http://purl.obolibrary.org/obo/UBERON_0001675,,
Anatomy,UBERON:0001646,abducens nerve,Uberon,CC BY 3.0,http://purl.obolibrary.org/obo/UBERON_0001646,,
Anatomy,UBERON:0002165,endocardium,Uberon,CC BY 3.0,http://purl.obolibrary.org/obo/UBERON_0002165,,
Anatomy,UBERON:0001687,stapes bone,Uberon,CC BY 3.0,http://purl.obolibrary.org/obo/UBERON_0001687,,
Anatomy,UBERON:0002361,pia mater,Uberon,CC BY 3.0,http://purl.obolibrary.org/obo/UBERON_0002361,,
Anatomy,UBERON:0001479,sesamoid bone,Uberon,CC BY 3.0,http://purl.obolibrary.org/obo/UBERON_0001479,,
Anatomy,UBERON:0001988,feces,Uberon,CC BY 3.0,http://purl.obolibrary.org/obo/UBERON_0001988,,
Anatomy,UBERON:0000011,parasympathetic nervous system,Uberon,CC BY 3.0,http://purl.obolibrary.org/obo/UBERON_0000011,,
Anatomy,UBERON:0001577,facial muscle,Uberon,CC BY 3.0,http://purl.obolibrary.org/obo/UBERON_0001577,,
Anatomy,UBERON:0000993,oviduct,Uberon,CC BY 3.0,http://purl.obolibrary.org/obo/UBERON_0000993,,
Anatomy,UBERON:0001464,hip,Uberon,CC BY 3.0,http://purl.obolibrary.org/obo/UBERON_0001464,,
Anatomy,UBERON:0001783,optic disc,Uberon,CC BY 3.0,http://purl.obolibrary.org/obo/UBERON_0001783,,
Anatomy,UBERON:0000977,pleura,Uberon,CC BY 3.0,http://purl.obolibrary.org/obo/UBERON_0000977,,
Anatomy,UBERON:0001780,spinal nerve,Uberon,CC BY 3.0,http://purl.obolibrary.org/obo/UBERON_0001780,,
Anatomy,UBERON:0001599,stapedius muscle,Uberon,CC BY 3.0,http://purl.obolibrary.org/obo/UBERON_0001599,,
Anatomy,UBERON:0000043,tendon,Uberon,CC BY 3.0,http://purl.obolibrary.org/obo/UBERON_0000043,,
Anatomy,UBERON:0001235,adrenal cortex,Uberon,CC BY 3.0,http://purl.obolibrary.org/obo/UBERON_0001235,,
Anatomy,UBERON:0001225,cortex of kidney,Uberon,CC BY 3.0,http://purl.obolibrary.org/obo/UBERON_0001225,,
Anatomy,UBERON:0001805,autonomic ganglion,Uberon,CC BY 3.0,http://purl.obolibrary.org/obo/UBERON_0001805,,
Anatomy,UBERON:0001734,palatine uvula,Uberon,CC BY 3.0,http://purl.obolibrary.org/obo/UBERON_0001734,,
Anatomy,UBERON:0001343,seminiferous tubule of testis,Uberon,CC BY 3.0,http://purl.obolibrary.org/obo/UBERON_0001343,,
Anatomy,UBERON:0001914,colostrum,Uberon,CC BY 3.0,http://purl.obolibrary.org/obo/UBERON_0001914,,
Anatomy,UBERON:0002362,arachnoid mater,Uberon,CC BY 3.0,http://purl.obolibrary.org/obo/UBERON_0002362,,
Anatomy,UBERON:0000959,optic chiasma,Uberon,CC BY 3.0,http://purl.obolibrary.org/obo/UBERON_0000959,,
Anatomy,UBERON:0000483,epithelium,Uberon,CC BY 3.0,http://purl.obolibrary.org/obo/UBERON_0000483,,
Anatomy,UBERON:0000007,pituitary gland,Uberon,CC BY 3.0,http://purl.obolibrary.org/obo/UBERON_0000007,,
Anatomy,UBERON:0002012,pulmonary artery,Uberon,CC BY 3.0,http://purl.obolibrary.org/obo/UBERON_0002012,,
Anatomy,UBERON:0001089,sweat,Uberon,CC BY 3.0,http://purl.obolibrary.org/obo/UBERON_0001089,,
Anatomy,UBERON:0001231,nephron tubule,Uberon,CC BY 3.0,http://purl.obolibrary.org/obo/UBERON_0001231,,
Anatomy,UBERON:0001833,lip,Uberon,CC BY 3.0,http://purl.obolibrary.org/obo/UBERON_0001833,,
Anatomy,UBERON:0001986,endothelium,Uberon,CC BY 3.0,http://purl.obolibrary.org/obo/UBERON_0001986,,
Anatomy,UBERON:0001831,parotid gland,Uberon,CC BY 3.0,http://purl.obolibrary.org/obo/UBERON_0001831,,
Anatomy,UBERON:0002037,cerebellum,Uberon,CC BY 3.0,http://purl.obolibrary.org/obo/UBERON_0002037,,
Anatomy,UBERON:0000948,heart,Uberon,CC BY 3.0,http://purl.obolibrary.org/obo/UBERON_0000948,,
Anatomy,UBERON:0000998,seminal vesicle,Uberon,CC BY 3.0,http://purl.obolibrary.org/obo/UBERON_0000998,,
Anatomy,UBERON:0001224,renal pelvis,Uberon,CC BY 3.0,http://purl.obolibrary.org/obo/UBERON_0001224,,
Anatomy,UBERON:0001285,nephron,Uberon,CC BY 3.0,http://purl.obolibrary.org/obo/UBERON_0001285,,
Anatomy,UBERON:0001232,collecting duct of renal tubule,Uberon,CC BY 3.0,http://purl.obolibrary.org/obo/UBERON_0001232,,
Anatomy,UBERON:0002130,cerebellar nuclear complex,Uberon,CC BY 3.0,http://purl.obolibrary.org/obo/UBERON_0002130,,
Anatomy,UBERON:0003216,hard palate,Uberon,CC BY 3.0,http://purl.obolibrary.org/obo/UBERON_0003216,,
Anatomy,UBERON:0001893,telencephalon,Uberon,CC BY 3.0,http://purl.obolibrary.org/obo/UBERON_0001893,,
Anatomy,UBERON:0000999,ejaculatory duct,Uberon,CC BY 3.0,http://purl.obolibrary.org/obo/UBERON_0000999,,
Anatomy,UBERON:0002384,connective tissue,Uberon,CC BY 3.0,http://purl.obolibrary.org/obo/UBERON_0002384,,
Anatomy,UBERON:0001818,tarsal gland,Uberon,CC BY 3.0,http://purl.obolibrary.org/obo/UBERON_0001818,,
Anatomy,UBERON:0001985,corneal endothelium,Uberon,CC BY 3.0,http://purl.obolibrary.org/obo/UBERON_0001985,,
Anatomy,UBERON:0006849,scapula,Uberon,CC BY 3.0,http://purl.obolibrary.org/obo/UBERON_0006849,,
Anatomy,UBERON:0004452,carpal region,Uberon,CC BY 3.0,http://purl.obolibrary.org/obo/UBERON_0004452,,
Anatomy,UBERON:0001836,saliva,Uberon,CC BY 3.0,http://purl.obolibrary.org/obo/UBERON_0001836,,
Anatomy,UBERON:0001855,cochlear duct of membranous labyrinth,Uberon,CC BY 3.0,http://purl.obolibrary.org/obo/UBERON_0001855,,
Anatomy,UBERON:0001174,common bile duct,Uberon,CC BY 3.0,http://purl.obolibrary.org/obo/UBERON_0001174,,
Anatomy,UBERON:0001710,lower jaw region,Uberon,CC BY 3.0,http://purl.obolibrary.org/obo/UBERON_0001710,,
Anatomy,UBERON:0001398,brachial artery,Uberon,CC BY 3.0,http://purl.obolibrary.org/obo/UBERON_0001398,,
Anatomy,UBERON:0001633,basilar artery,Uberon,CC BY 3.0,http://purl.obolibrary.org/obo/UBERON_0001633,,
Anatomy,UBERON:0001786,fovea centralis,Uberon,CC BY 3.0,http://purl.obolibrary.org/obo/UBERON_0001786,,
Anatomy,UBERON:0002363,dura mater,Uberon,CC BY 3.0,http://purl.obolibrary.org/obo/UBERON_0002363,,
Anatomy,UBERON:0001361,femoral vein,Uberon,CC BY 3.0,http://purl.obolibrary.org/obo/UBERON_0001361,,
Anatomy,UBERON:0002279,vestibular aqueduct,Uberon,CC BY 3.0,http://purl.obolibrary.org/obo/UBERON_0002279,,
Anatomy,UBERON:0001678,temporal bone,Uberon,CC BY 3.0,http://purl.obolibrary.org/obo/UBERON_0001678,,
Anatomy,UBERON:0000010,peripheral nervous system,Uberon,CC BY 3.0,http://purl.obolibrary.org/obo/UBERON_0000010,,
Anatomy,UBERON:0001465,knee,Uberon,CC BY 3.0,http://purl.obolibrary.org/obo/UBERON_0001465,,
Anatomy,UBERON:0001756,middle ear,Uberon,CC BY 3.0,http://purl.obolibrary.org/obo/UBERON_0001756,,
Anatomy,UBERON:0001516,abdominal aorta,Uberon,CC BY 3.0,http://purl.obolibrary.org/obo/UBERON_0001516,,
Anatomy,UBERON:0003126,trachea,Uberon,CC BY 3.0,http://purl.obolibrary.org/obo/UBERON_0003126,,
Anatomy,UBERON:0001911,mammary gland,Uberon,CC BY 3.0,http://purl.obolibrary.org/obo/UBERON_0001911,,
Anatomy,UBERON:0000026,appendage,Uberon,CC BY 3.0,http://purl.obolibrary.org/obo/UBERON_0000026,,
Anatomy,UBERON:0002017,portal vein,Uberon,CC BY 3.0,http://purl.obolibrary.org/obo/UBERON_0002017,,
Anatomy,UBERON:0001103,diaphragm,Uberon,CC BY 3.0,http://purl.obolibrary.org/obo/UBERON_0001103,,
Anatomy,UBERON:0000975,sternum,Uberon,CC BY 3.0,http://purl.obolibrary.org/obo/UBERON_0000975,,
Anatomy,UBERON:0001404,radial artery,Uberon,CC BY 3.0,http://purl.obolibrary.org/obo/UBERON_0001404,,
Anatomy,UBERON:0002522,tunica media,Uberon,CC BY 3.0,http://purl.obolibrary.org/obo/UBERON_0002522,,
Anatomy,UBERON:0001689,malleus bone,Uberon,CC BY 3.0,http://purl.obolibrary.org/obo/UBERON_0001689,,
Anatomy,UBERON:0001643,oculomotor nerve,Uberon,CC BY 3.0,http://purl.obolibrary.org/obo/UBERON_0001643,,
Anatomy,UBERON:0001130,vertebral column,Uberon,CC BY 3.0,http://purl.obolibrary.org/obo/UBERON_0001130,,
Anatomy,UBERON:0003685,cranial suture,Uberon,CC BY 3.0,http://purl.obolibrary.org/obo/UBERON_0003685,,
Anatomy,UBERON:0001148,median nerve,Uberon,CC BY 3.0,http://purl.obolibrary.org/obo/UBERON_0001148,,
Anatomy,UBERON:0001720,cochlear nucleus,Uberon,CC BY 3.0,http://purl.obolibrary.org/obo/UBERON_0001720,,
Anatomy,UBERON:0002081,cardiac atrium,Uberon,CC BY 3.0,http://purl.obolibrary.org/obo/UBERON_0002081,,
Anatomy,UBERON:0001723,tongue,Uberon,CC BY 3.0,http://purl.obolibrary.org/obo/UBERON_0001723,,
Anatomy,UBERON:0001305,ovarian follicle,Uberon,CC BY 3.0,http://purl.obolibrary.org/obo/UBERON_0001305,,
Anatomy,UBERON:0001910,medial forebrain bundle,Uberon,CC BY 3.0,http://purl.obolibrary.org/obo/UBERON_0001910,,
Anatomy,UBERON:0000997,mammalian vulva,Uberon,CC BY 3.0,http://purl.obolibrary.org/obo/UBERON_0000997,,
Anatomy,UBERON:0001764,maxillary sinus,Uberon,CC BY 3.0,http://purl.obolibrary.org/obo/UBERON_0001764,,
Anatomy,UBERON:0001544,popliteal vein,Uberon,CC BY 3.0,http://purl.obolibrary.org/obo/UBERON_0001544,,
Anatomy,UBERON:0002146,pulmonary valve,Uberon,CC BY 3.0,http://purl.obolibrary.org/obo/UBERON_0002146,,
Anatomy,UBERON:0002453,ethmoid sinus,Uberon,CC BY 3.0,http://purl.obolibrary.org/obo/UBERON_0002453,,
Anatomy,UBERON:0001093,vertebral bone 2,Uberon,CC BY 3.0,http://purl.obolibrary.org/obo/UBERON_0001093,,
Anatomy,UBERON:0001182,superior mesenteric artery,Uberon,CC BY 3.0,http://purl.obolibrary.org/obo/UBERON_0001182,,
Anatomy,UBERON:0000057,urethra,Uberon,CC BY 3.0,http://purl.obolibrary.org/obo/UBERON_0000057,,
Anatomy,UBERON:0001088,urine,Uberon,CC BY 3.0,http://purl.obolibrary.org/obo/UBERON_0001088,,
Anatomy,UBERON:0001394,axillary artery,Uberon,CC BY 3.0,http://purl.obolibrary.org/obo/UBERON_0001394,,
Anatomy,UBERON:0001467,shoulder,Uberon,CC BY 3.0,http://purl.obolibrary.org/obo/UBERON_0001467,,
Anatomy,UBERON:0001406,ulnar artery,Uberon,CC BY 3.0,http://purl.obolibrary.org/obo/UBERON_0001406,,
Anatomy,UBERON:0001070,external carotid artery,Uberon,CC BY 3.0,http://purl.obolibrary.org/obo/UBERON_0001070,,
Anatomy,UBERON:0001814,brachial nerve plexus,Uberon,CC BY 3.0,http://purl.obolibrary.org/obo/UBERON_0001814,,
Anatomy,UBERON:0002377,muscle of neck,Uberon,CC BY 3.0,http://purl.obolibrary.org/obo/UBERON_0002377,,
Anatomy,UBERON:0002411,clitoris,Uberon,CC BY 3.0,http://purl.obolibrary.org/obo/UBERON_0002411,,
Anatomy,UBERON:0001461,elbow,Uberon,CC BY 3.0,http://purl.obolibrary.org/obo/UBERON_0001461,,
Anatomy,UBERON:0001694,petrous part of temporal bone,Uberon,CC BY 3.0,http://purl.obolibrary.org/obo/UBERON_0001694,,
Anatomy,UBERON:0001759,vagus nerve,Uberon,CC BY 3.0,http://purl.obolibrary.org/obo/UBERON_0001759,,
Anatomy,UBERON:0002135,mitral valve,Uberon,CC BY 3.0,http://purl.obolibrary.org/obo/UBERON_0002135,,
Anatomy,UBERON:0002240,spinal cord,Uberon,CC BY 3.0,http://purl.obolibrary.org/obo/UBERON_0002240,,
Anatomy,UBERON:0000178,blood,Uberon,CC BY 3.0,http://purl.obolibrary.org/obo/UBERON_0000178,,
Anatomy,UBERON:0001645,trigeminal nerve,Uberon,CC BY 3.0,http://purl.obolibrary.org/obo/UBERON_0001645,,
Anatomy,UBERON:0001469,sternoclavicular joint,Uberon,CC BY 3.0,http://purl.obolibrary.org/obo/UBERON_0001469,,
Anatomy,UBERON:0001776,optic choroid,Uberon,CC BY 3.0,http://purl.obolibrary.org/obo/UBERON_0001776,,
Anatomy,UBERON:0002365,exocrine gland,Uberon,CC BY 3.0,http://purl.obolibrary.org/obo/UBERON_0002365,,
Anatomy,UBERON:0001684,mandible,Uberon,CC BY 3.0,http://purl.obolibrary.org/obo/UBERON_0001684,,
Anatomy,UBERON:0001650,hypoglossal nerve,Uberon,CC BY 3.0,http://purl.obolibrary.org/obo/UBERON_0001650,,
Anatomy,UBERON:0001597,masseter muscle,Uberon,CC BY 3.0,http://purl.obolibrary.org/obo/UBERON_0001597,,
Anatomy,UBERON:0002481,bone tissue,Uberon,CC BY 3.0,http://purl.obolibrary.org/obo/UBERON_0002481,,
Anatomy,UBERON:0001310,umbilical artery,Uberon,CC BY 3.0,http://purl.obolibrary.org/obo/UBERON_0001310,,
Anatomy,UBERON:0002005,enteric nervous system,Uberon,CC BY 3.0,http://purl.obolibrary.org/obo/UBERON_0002005,,
Anatomy,UBERON:0000053,macula lutea,Uberon,CC BY 3.0,http://purl.obolibrary.org/obo/UBERON_0000053,,
Anatomy,UBERON:0001971,gastric juice,Uberon,CC BY 3.0,http://purl.obolibrary.org/obo/UBERON_0001971,,
Anatomy,UBERON:0003092,ultimobranchial body,Uberon,CC BY 3.0,http://purl.obolibrary.org/obo/UBERON_0003092,,
Anatomy,UBERON:0002073,hair follicle,Uberon,CC BY 3.0,http://purl.obolibrary.org/obo/UBERON_0002073,,
Anatomy,UBERON:0001775,ciliary body,Uberon,CC BY 3.0,http://purl.obolibrary.org/obo/UBERON_0001775,,
Anatomy,UBERON:0001637,artery,Uberon,CC BY 3.0,http://purl.obolibrary.org/obo/UBERON_0001637,,
Anatomy,UBERON:0002097,skin of body,Uberon,CC BY 3.0,http://purl.obolibrary.org/obo/UBERON_0002097,,
Anatomy,UBERON:0001744,lymphoid tissue,Uberon,CC BY 3.0,http://purl.obolibrary.org/obo/UBERON_0001744,,
Anatomy,UBERON:0000922,embryo,Uberon,CC BY 3.0,http://purl.obolibrary.org/obo/UBERON_0000922,,
Anatomy,UBERON:0001777,substantia propria of cornea,Uberon,CC BY 3.0,http://purl.obolibrary.org/obo/UBERON_0001777,,
Anatomy,UBERON:0002061,truncus arteriosus,Uberon,CC BY 3.0,http://purl.obolibrary.org/obo/UBERON_0002061,,
Anatomy,UBERON:0001021,nerve,Uberon,CC BY 3.0,http://purl.obolibrary.org/obo/UBERON_0001021,,
Anatomy,UBERON:0002369,adrenal gland,Uberon,CC BY 3.0,http://purl.obolibrary.org/obo/UBERON_0002369,,
Anatomy,UBERON:0002351,sinoatrial node,Uberon,CC BY 3.0,http://purl.obolibrary.org/obo/UBERON_0002351,,
Anatomy,UBERON:0001264,pancreas,Uberon,CC BY 3.0,http://purl.obolibrary.org/obo/UBERON_0001264,,
Anatomy,UBERON:0001697,orbit of skull,Uberon,CC BY 3.0,http://purl.obolibrary.org/obo/UBERON_0001697,,
Anatomy,UBERON:0002500,zygomatic arch,Uberon,CC BY 3.0,http://purl.obolibrary.org/obo/UBERON_0002500,,
Anatomy,UBERON:0002285,telencephalic ventricle,Uberon,CC BY 3.0,http://purl.obolibrary.org/obo/UBERON_0002285,,
Anatomy,UBERON:0001143,hepatic vein,Uberon,CC BY 3.0,http://purl.obolibrary.org/obo/UBERON_0001143,,
Anatomy,UBERON:0001194,splenic artery,Uberon,CC BY 3.0,http://purl.obolibrary.org/obo/UBERON_0001194,,
Anatomy,UBERON:0001708,jaw skeleton,Uberon,CC BY 3.0,http://purl.obolibrary.org/obo/UBERON_0001708,,
Anatomy,UBERON:0001004,respiratory system,Uberon,CC BY 3.0,http://purl.obolibrary.org/obo/UBERON_0001004,,
Anatomy,UBERON:0004288,skeleton,Uberon,CC BY 3.0,http://purl.obolibrary.org/obo/UBERON_0004288,,
Anatomy,UBERON:0001515,thoracic aorta,Uberon,CC BY 3.0,http://purl.obolibrary.org/obo/UBERON_0001515,,
Anatomy,UBERON:0000038,follicular fluid,Uberon,CC BY 3.0,http://purl.obolibrary.org/obo/UBERON_0000038,,
Anatomy,UBERON:0001619,ophthalmic artery,Uberon,CC BY 3.0,http://purl.obolibrary.org/obo/UBERON_0001619,,
Anatomy,UBERON:0001796,aqueous humor of eyeball,Uberon,CC BY 3.0,http://purl.obolibrary.org/obo/UBERON_0001796,,
Anatomy,UBERON:0001008,renal system,Uberon,CC BY 3.0,http://purl.obolibrary.org/obo/UBERON_0001008,,
Anatomy,UBERON:0001135,smooth muscle tissue,Uberon,CC BY 3.0,http://purl.obolibrary.org/obo/UBERON_0001135,,
Anatomy,UBERON:0002512,corpus luteum,Uberon,CC BY 3.0,http://purl.obolibrary.org/obo/UBERON_0002512,,
Anatomy,UBERON:0001013,adipose tissue,Uberon,CC BY 3.0,http://purl.obolibrary.org/obo/UBERON_0001013,,
Anatomy,UBERON:0001886,choroid plexus,Uberon,CC BY 3.0,http://purl.obolibrary.org/obo/UBERON_0001886,,
Anatomy,UBERON:0002054,zona fasciculata of adrenal gland,Uberon,CC BY 3.0,http://purl.obolibrary.org/obo/UBERON_0002054,,
Anatomy,UBERON:0002707,corticospinal tract,Uberon,CC BY 3.0,http://purl.obolibrary.org/obo/UBERON_0002707,,
Anatomy,UBERON:0000941,cranial nerve II,Uberon,CC BY 3.0,http://purl.obolibrary.org/obo/UBERON_0000941,,
Anatomy,UBERON:0001820,sweat gland,Uberon,CC BY 3.0,http://purl.obolibrary.org/obo/UBERON_0001820,,
Anatomy,UBERON:0002204,musculoskeletal system,Uberon,CC BY 3.0,http://purl.obolibrary.org/obo/UBERON_0002204,,
Anatomy,UBERON:0002382,rectus abdominis muscle,Uberon,CC BY 3.0,http://purl.obolibrary.org/obo/UBERON_0002382,,
Anatomy,UBERON:0002519,otolithic part of statoconial membrane,Uberon,CC BY 3.0,http://purl.obolibrary.org/obo/UBERON_0002519,,
Anatomy,UBERON:0001579,olfactory nerve,Uberon,CC BY 3.0,http://purl.obolibrary.org/obo/UBERON_0001579,,
Anatomy,UBERON:0002407,pericardium,Uberon,CC BY 3.0,http://purl.obolibrary.org/obo/UBERON_0002407,,
Anatomy,UBERON:0001324,common fibular nerve,Uberon,CC BY 3.0,http://purl.obolibrary.org/obo/UBERON_0001324,,
Anatomy,UBERON:0002378,muscle of abdomen,Uberon,CC BY 3.0,http://purl.obolibrary.org/obo/UBERON_0002378,,
Anatomy,UBERON:0002385,muscle tissue,Uberon,CC BY 3.0,http://purl.obolibrary.org/obo/UBERON_0002385,,
Anatomy,UBERON:0001044,saliva-secreting gland,Uberon,CC BY 3.0,http://purl.obolibrary.org/obo/UBERON_0001044,,
Anatomy,UBERON:0001484,articular capsule,Uberon,CC BY 3.0,http://purl.obolibrary.org/obo/UBERON_0001484,,
Anatomy,UBERON:0002352,atrioventricular node,Uberon,CC BY 3.0,http://purl.obolibrary.org/obo/UBERON_0002352,,
Anatomy,UBERON:0001236,adrenal medulla,Uberon,CC BY 3.0,http://purl.obolibrary.org/obo/UBERON_0001236,,
Anatomy,UBERON:0002389,manual digit,Uberon,CC BY 3.0,http://purl.obolibrary.org/obo/UBERON_0002389,,
Anatomy,UBERON:0001717,spinal nucleus of trigeminal nerve,Uberon,CC BY 3.0,http://purl.obolibrary.org/obo/UBERON_0001717,,
Anatomy,UBERON:0002347,thoracic vertebra,Uberon,CC BY 3.0,http://purl.obolibrary.org/obo/UBERON_0002347,,
Anatomy,UBERON:0001470,glenohumeral joint,Uberon,CC BY 3.0,http://purl.obolibrary.org/obo/UBERON_0001470,,
Anatomy,UBERON:0001860,endolymphatic duct,Uberon,CC BY 3.0,http://purl.obolibrary.org/obo/UBERON_0001860,,
Anatomy,UBERON:0001676,occipital bone,Uberon,CC BY 3.0,http://purl.obolibrary.org/obo/UBERON_0001676,,
Anatomy,UBERON:0000006,islet of Langerhans,Uberon,CC BY 3.0,http://purl.obolibrary.org/obo/UBERON_0000006,,
Anatomy,UBERON:0001648,vestibulocochlear nerve,Uberon,CC BY 3.0,http://purl.obolibrary.org/obo/UBERON_0001648,,
Anatomy,UBERON:0001724,sphenoidal sinus,Uberon,CC BY 3.0,http://purl.obolibrary.org/obo/UBERON_0001724,,
Anatomy,UBERON:0000054,macula,Uberon,CC BY 3.0,http://purl.obolibrary.org/obo/UBERON_0000054,,
Anatomy,UBERON:0000482,basal lamina of epithelium,Uberon,CC BY 3.0,http://purl.obolibrary.org/obo/UBERON_0000482,,
Anatomy,UBERON:0000985,axillary vein,Uberon,CC BY 3.0,http://purl.obolibrary.org/obo/UBERON_0000985,,
Anatomy,UBERON:0002486,glottis,Uberon,CC BY 3.0,http://purl.obolibrary.org/obo/UBERON_0002486,,
